Nama feed,ID Feed,ID Pelanggan,Waktu upload
"PRODUCTS SOURCE 3","407806281","5813372986","23 Jun 2026 16.01 WIB"

Id item,Nomor baris,Pesan,Jenis,Nilai,Judul item
"8-channels-adjustable-volume-pipettes-5-50ul-ae-8m50-aelab",,"Nilai terlalu panjang di atribut: id",Peringatan,,
"micropipette-single-channel-100-1000ul-ae-ma08-aelab",,"Nilai terlalu panjang di atribut: id",Peringatan,,
"daihan-lco-165ai-air-jacket-co2-incubator",,"Item diupload melalui beberapa feed",Peringatan,,
"daihan-ldf-9020u-ultra-low-temp-freezer",,"Item diupload melalui beberapa feed",Peringatan,,
"daihan-llf-403sr-laboratory-freezer",,"Item diupload melalui beberapa feed",Peringatan,,
"daihan-ldf-9015s-ultra-low-temp-freezer",,"Item diupload melalui beberapa feed",Peringatan,,
"daihan-lac-1011sv-autoclave",,"Item diupload melalui beberapa feed",Peringatan,,
"daihan-lco-065ai-air-jacket-co2-incubator",,"Item diupload melalui beberapa feed",Peringatan,,
"daihan-lcv-203gr-vaccine-pharmacy-refrigerator",,"Item diupload melalui beberapa feed",Peringatan,,
"daihan-ldo-060e-universal-drying-oven",,"Item diupload melalui beberapa feed",Peringatan,,
"daihan-ldf-9110c-ultra-low-temp-freezer",,"Item diupload melalui beberapa feed",Peringatan,,
"daihan-ldf-9010u-ultra-low-temp-freezer",,"Item diupload melalui beberapa feed",Peringatan,,
"daihan-lac-1031svf-autoclave",,"Item diupload melalui beberapa feed",Peringatan,,
"daihan-lwb-211a-analog-water-bath",,"Item diupload melalui beberapa feed",Peringatan,,
"daihan-lwd-104s-s-s-basic-water-still",,"Item diupload melalui beberapa feed",Peringatan,,
"daihan-lbh-t02-dry-block-heater",,"Item diupload melalui beberapa feed",Peringatan,,
"daihan-ldo-080f-forced-convection-oven",,"Item diupload melalui beberapa feed",Peringatan,,
"daihan-lom-205rm-roller-mixer",,"Item diupload melalui beberapa feed",Peringatan,,
"daihan-lom-210rm-roller-mixer",,"Item diupload melalui beberapa feed",Peringatan,,
"daihan-gmc-361-microcentrifuge-with-timer",,"Item diupload melalui beberapa feed",Peringatan,,
"daihan-lac-1031sv-autoclave",,"Item diupload melalui beberapa feed",Peringatan,,
"daihan-ldo-030e-universal-drying-oven",,"Item diupload melalui beberapa feed",Peringatan,,
"daihan-lac-1021sv-autoclave",,"Item diupload melalui beberapa feed",Peringatan,,
